query name	Acidovora-69x	Acidovorax-123	Acidovorax-127	Acidovorax-21	Acidovorax-75	Acidovorax-79	Acidovorax-98	Bacteria-21	Bacteriovora-8x	Bacteriovorax-21	Bacteriovorax-49	Bacteriovorax-63	Bacteroidetes-49	Bacteroidetes-76	Bacteroidetes-8	Burkholderiales-129	Burkholderiales-55	Burkholderiales-76	Flavobacteriaceae-49	Flavobacteriaceae-79-1	Flavobacteriaceae-79-2	Methylobacte-98r	Methylobacter tundripaludum-129	Methylobacter-123	Methylobacter-69	Methylococcaceae-21	Methylococcaceae-55	Methylophilaceae-40	Methylophilaceae-49	Methylophilaceae-55	Methylophilaceae-8	Methylophilus methylotrophus-127-1	Methylophilus methylotrophus-127-2	Methylophilus methylotrophus-129-1	Methylophilus methylotrophus-129-2	Methylophilus methylotrophus-55	Methylophilus methylotrophus-69	Methylophilus methylotrophus-79	Methylophilus methylotrophus-98	Methylosarcina lacus-55	Methylosarcina lacus-69	Methylosarcina-21	Methylotenera mobilis-123	Methylotenera mobilis-63	Methylotenera mobilis-76-1	Methylotenera mobilis-76-2	Methylovulum miyakonense-55	Opititae-40	Opitutae-129	Rhodocyclaceae-127	Rhodocyclaceae-49
Acidovora-69x	100.0	83.32843658403301	85.0776846102668	86.03439016722582	83.88818038225081	82.07290037831022	91.2677788602148	0.0	0.0	0.0	0.0	0.0	0.0	0.0	81.11	84.94439479948727	91.31449265514908	82.17584127601634	0.0	0.0	77.45	88.83280597014925	85.67766644250167	89.84926315789473	88.83280597014925	0.0	81.73399610136453	0.0	81.45873949579833	83.74	0.0	0.0	0.0	0.0	0.0	0.0	78.98	78.98	78.98	87.40423603192706	81.58924861878455	86.78314851485149	0.0	0.0	0.0	0.0	83.38	81.76999999999998	81.41168922184629	82.66898024451461	82.46442543984976
Acidovorax-123	83.02357005437055	100.0	83.33821612487928	84.08174606187133	84.21174829819027	81.89072650902304	83.79463487588532	81.38	0.0	0.0	0.0	0.0	0.0	82.38	83.03	90.58702256944444	83.52440346768276	81.40716273710335	0.0	0.0	90.75	0.0	85.71	0.0	0.0	0.0	80.99	100.0	100.0	84.89790811339198	89.02235294117649	80.83	79.97	0.0	80.6600619674671	82.5474647887324	0.0	0.0	0.0	83.13543756145526	82.77145848375451	79.43	100.0	100.0	100.0	100.0	0.0	84.06861604738829	84.65823763955345	82.91975778167469	88.8657562822165
Acidovorax-127	85.31362943674266	83.58640627227368	100.0	98.14584852608763	85.02456239311323	83.62329641593601	86.25527081628199	0.0	0.0	0.0	0.0	0.0	0.0	0.0	83.42	84.96263316267894	82.98856189297155	81.30170760845216	0.0	0.0	89.38	85.23000000000002	84.28	82.68	85.23000000000002	0.0	82.65597891566266	100.0	100.0	88.47093693693691	100.0	79.89860869565217	79.59	0.0	0.0	99.34144736842106	82.7813860103627	82.7813860103627	85.3063573085847	78.45500739644972	80.22542745098038	81.18692951015531	100.0	100.0	100.0	100.0	0.0	81.70740248606944	83.28445793149321	82.37976985894582	82.67360890740343
Acidovorax-21	86.07799561022962	84.08955851337222	97.40944899203623	100.0	85.10701528448477	82.99089085072231	87.51506746581445	0.0	0.0	0.0	0.0	0.0	0.0	0.0	80.73	84.16480691840056	83.41892564968087	81.40529974025974	0.0	0.0	0.0	85.45	84.51	83.33	85.45	80.48	84.5663035921205	98.78	100.0	81.09469696969697	100.0	98.72	0.0	97.75	0.0	98.20578313253012	98.72	98.72	98.72	84.27192360163711	0.0	0.0	97.67000000000002	100.0	97.73	97.67000000000002	0.0	79.90407725321889	81.96718885672938	81.71529473817463	82.15645520556085
Acidovorax-75	83.95779640404514	84.18017101083305	84.67030204484517	85.07614711633441	100.0	81.38979652337959	84.00408432867947	0.0	0.0	0.0	0.0	0.0	0.0	90.67	87.26633870967743	84.8640604870127	83.02538047090106	81.44924493432778	0.0	0.0	90.09	83.05652490886997	84.26	0.0	83.05652490886997	0.0	81.50404521404522	100.0	98.69359477124183	99.56944206008585	86.70369047619047	79.35899538106236	0.0	97.54503067484664	96.2	84.99096681096681	96.2	96.2	96.2	84.8754401805869	0.0	0.0	98.075	98.22066666666667	99.37475	100.0	87.05	81.28149598393577	84.28140203067616	81.97651844473694	82.60291745248801
Acidovorax-79	82.14970387840671	82.31360935672514	83.40778532608695	82.82044258027192	81.55019151846786	99.97398853839294	81.70568456832088	0.0	0.0	0.0	0.0	0.0	0.0	0.0	0.0	93.43984180879116	81.79761509552145	81.75481992595086	0.0	0.0	0.0	0.0	0.0	0.0	0.0	0.0	98.77	0.0	0.0	0.0	82.22	81.40000000000002	0.0	0.0	76.35	0.0	81.64	81.64	81.64	79.67994274809159	77.59960985626284	78.25947094535994	0.0	0.0	0.0	0.0	0.0	0.0	83.55	81.93448632421614	81.82403197442045
Acidovorax-98	91.45822525318528	83.45100185266871	85.70954033157341	87.66672125376721	84.20219266670901	81.0229433576269	100.0	0.0	0.0	0.0	0.0	0.0	0.0	0.0	83.87	85.14211890086175	83.10801357466063	82.7410501892783	0.0	0.0	83.14	83.68	86.20801204819277	0.0	83.68	80.16630434782608	83.24824311490977	0.0	0.0	82.01608212147134	0.0	79.24655873493975	76.75	97.78	0.0	82.64588095238095	0.0	0.0	0.0	80.93555133079849	81.60283045305933	82.836171875	0.0	0.0	97.75	0.0	79.48	82.98774999999998	83.19899982514426	83.90115658544897	82.23205785871838
Bacteria-21	0.0	81.38	0.0	0.0	0.0	0.0	0.0	100.0	0.0	0.0	0.0	0.0	83.6	89.42543091655267	0.0	0.0	0.0	0.0	93.87291126418152	82.44110192837465	0.0	0.0	85.01815336463224	0.0	0.0	88.80601951547779	0.0	0.0	0.0	0.0	0.0	100.0	96.59	100.0	0.0	96.59	83.3565693430657	83.3565693430657	83.3565693430657	88.1719008264463	90.75	0.0	97.60794911164729	93.19540422033432	88.4925	95.37203772897112	0.0	83.72	84.1	0.0	0.0
Bacteriovora-8x	0.0	0.0	0.0	0.0	0.0	0.0	0.0	0.0	100.0	97.47981906157392	97.46711994302125	99.33402209336398	0.0	0.0	0.0	0.0	0.0	0.0	100.0	0.0	0.0	0.0	0.0	0.0	95.45	93.73	0.0	0.0	0.0	0.0	0.0	0.0	0.0	0.0	0.0	0.0	0.0	0.0	0.0	0.0	98.26841544607193	0.0	0.0	0.0	0.0	0.0	0.0	81.47	81.96	0.0	0.0
Bacteriovorax-21	0.0	0.0	0.0	0.0	0.0	0.0	0.0	0.0	97.90704678502485	100.0	98.85553578853487	97.15259995976231	0.0	0.0	0.0	0.0	0.0	0.0	96.77299191374664	0.0	0.0	0.0	0.0	0.0	0.0	0.0	0.0	0.0	0.0	0.0	0.0	0.0	0.0	0.0	0.0	0.0	0.0	0.0	0.0	0.0	0.0	0.0	0.0	0.0	94.95000000000002	0.0	0.0	0.0	0.0	0.0	0.0
Bacteriovorax-49	0.0	0.0	0.0	0.0	0.0	0.0	0.0	0.0	97.47995146682844	98.72678351366535	100.0	97.21994789135564	0.0	0.0	0.0	0.0	0.0	0.0	99.52105263157895	0.0	0.0	0.0	0.0	100.0	0.0	0.0	0.0	0.0	0.0	0.0	0.0	0.0	0.0	0.0	0.0	0.0	0.0	0.0	0.0	0.0	0.0	0.0	0.0	0.0	0.0	0.0	0.0	0.0	0.0	0.0	0.0
Bacteriovorax-63	0.0	0.0	0.0	0.0	0.0	0.0	0.0	0.0	99.65870279361909	96.82547206468935	97.42982378768356	100.0	0.0	0.0	0.0	0.0	0.0	0.0	0.0	0.0	0.0	0.0	0.0	0.0	0.0	0.0	0.0	0.0	0.0	0.0	0.0	0.0	0.0	0.0	0.0	0.0	0.0	0.0	0.0	0.0	0.0	0.0	0.0	0.0	0.0	0.0	0.0	0.0	0.0	0.0	0.0
Bacteroidetes-49	0.0	0.0	0.0	0.0	0.0	0.0	0.0	83.61	0.0	0.0	0.0	0.0	100.0	92.29363910807314	84.37880640465794	0.0	0.0	0.0	91.19313223140496	0.0	0.0	0.0	82.2	0.0	0.0	0.0	0.0	0.0	0.0	0.0	0.0	0.0	0.0	0.0	0.0	0.0	0.0	0.0	0.0	0.0	0.0	0.0	0.0	0.0	0.0	0.0	0.0	0.0	80.69	0.0	0.0
Bacteroidetes-76	0.0	82.38	0.0	0.0	90.67	0.0	0.0	89.44046448087431	0.0	0.0	0.0	0.0	92.23257785429949	100.0	81.15444061422751	0.0	0.0	0.0	92.05831775700935	0.0	0.0	89.54686161449753	92.58246079613993	96.61480152127407	89.54686161449753	0.0	0.0	0.0	100.0	0.0	0.0	0.0	0.0	0.0	0.0	0.0	0.0	0.0	0.0	0.0	0.0	0.0	0.0	89.6	0.0	89.63	0.0	97.36	89.21	0.0	0.0
Bacteroidetes-8	81.11	82.10249999999998	83.42	80.73	87.26633870967743	0.0	83.87	0.0	0.0	0.0	0.0	0.0	84.37880640465794	81.15444061422751	100.0	83.93	80.07	86.62999999999998	0.0	0.0	0.0	0.0	0.0	0.0	0.0	0.0	0.0	0.0	0.0	0.0	0.0	0.0	0.0	0.0	0.0	0.0	0.0	0.0	0.0	95.84	96.44375579598145	92.18	0.0	0.0	0.0	0.0	0.0	0.0	0.0	81.09	80.4
Burkholderiales-129	84.87175484229813	90.43577016704769	83.99818352023017	84.3013919468412	84.7436632374513	92.85627630820134	84.81382245087843	0.0	0.0	0.0	0.0	0.0	0.0	0.0	83.93	100.0	91.00226412822086	83.40826764365599	0.0	0.0	0.0	0.0	80.23	0.0	0.0	0.0	0.0	100.0	100.0	100.0	100.0	0.0	0.0	98.78	0.0	98.78	0.0	0.0	0.0	80.25	76.38	81.45	100.0	94.70943708609272	99.17877049180328	100.0	0.0	90.87	84.24	82.1651926665423	84.71901244042328
Burkholderiales-55	93.16315532391344	83.10912979511768	82.8471177662346	83.09337224624254	82.80007108197147	81.67462154167391	82.64673589777415	0.0	0.0	0.0	0.0	0.0	0.0	0.0	80.07	92.48231106433306	100.0	81.7379980355905	0.0	0.0	93.40928143712576	0.0	0.0	91.18	0.0	0.0	78.55	98.78	100.0	84.85659318637275	100.0	98.72	0.0	78.15	81.25	81.40675739644969	85.78595307917891	85.78595307917891	85.78595307917891	0.0	93.4230425709516	81.76041531473071	100.0	100.0	100.0	98.81000000000002	80.15346927678084	80.515006684492	79.86020295202951	81.60259550316526	81.23314729357135
Burkholderiales-76	81.88351491249692	81.8429698226215	81.2363848956608	80.82566100036688	81.3136713927142	81.72834364261169	83.03945903954799	0.0	0.0	0.0	0.0	0.0	0.0	0.0	86.62999999999998	83.23341887268144	81.77747468610774	100.0	0.0	0.0	0.0	0.0	82.75	100.0	0.0	0.0	0.0	0.0	85.2	100.0	78.36	98.68	84.67208158995817	0.0	84.15	83.9715824915825	84.35859633027522	84.35859633027522	84.82452076677316	80.67	80.48294810452704	81.02	88.2378205128205	83.97	89.74	85.08746006389777	87.55	83.54	80.44	83.93142547797616	84.20801564395366
Flavobacteriaceae-49	0.0	0.0	0.0	0.0	0.0	0.0	0.0	93.43393182805039	100.0	96.77139784946242	0.0	0.0	87.90516799999997	90.8	0.0	0.0	0.0	0.0	100.0	83.07794570868808	82.7558344369206	89.25056699169376	92.38131931608132	91.84911699233244	89.43246124763704	0.0	0.0	0.0	0.0	0.0	0.0	100.0	97.62	100.0	0.0	97.62	97.62	97.62	97.62	0.0	0.0	0.0	0.0	99.24780663627688	98.81000000000002	99.27976470588236	0.0	0.0	0.0	0.0	0.0
Flavobacteriaceae-79-1	0.0	0.0	0.0	0.0	0.0	0.0	0.0	82.44110192837465	0.0	0.0	0.0	0.0	0.0	0.0	0.0	0.0	0.0	0.0	83.13794977244062	100.0	83.54560579565327	0.0	0.0	0.0	0.0	0.0	0.0	0.0	0.0	0.0	0.0	0.0	0.0	0.0	0.0	0.0	0.0	0.0	0.0	0.0	0.0	0.0	0.0	0.0	0.0	0.0	0.0	0.0	0.0	0.0	0.0
Flavobacteriaceae-79-2	77.45	90.75	89.38	0.0	90.09	0.0	83.14	0.0	0.0	0.0	0.0	0.0	0.0	0.0	0.0	0.0	93.40928143712576	0.0	82.87318939792874	83.59628440132754	100.0	0.0	0.0	0.0	0.0	0.0	0.0	0.0	0.0	0.0	0.0	0.0	0.0	0.0	0.0	0.0	0.0	0.0	0.0	0.0	0.0	0.0	0.0	0.0	0.0	0.0	0.0	0.0	0.0	0.0	0.0
Methylobacte-98r	88.83280597014925	0.0	85.23000000000002	85.45	83.05652490886997	0.0	83.68	0.0	0.0	0.0	0.0	0.0	0.0	89.54609876543209	0.0	0.0	0.0	0.0	89.26252336448599	0.0	0.0	100.0	87.74149775735128	86.55469329411312	99.88928920937477	82.97947646315161	81.94698557929621	90.12	80.96	82.80239669421489	78.86	0.0	0.0	77.42	0.0	77.84	0.0	0.0	0.0	83.26622452097247	94.42163443071848	82.52746197170606	0.0	86.2464617136351	0.0	97.66343457943924	82.4935870149917	0.0	0.0	81.97	82.06119187600213
Methylobacter tundripaludum-129	85.67766644250167	85.71	84.28	84.51	84.26	0.0	86.20801204819277	85.02538582677164	0.0	0.0	0.0	0.0	82.2	92.70661902414982	0.0	80.29	0.0	82.75	92.55128739578224	0.0	0.0	87.81206435769539	100.0	90.53682997886364	87.72292783603676	82.61063466170683	82.9077749861602	79.88	79.98	84.61788199697428	0.0	0.0	79.88055045871559	0.0	0.0	77.07	83.7	83.7	83.7	83.2561897528533	83.95487050433013	82.37780505807855	0.0	92.01899783224948	0.0	79.79	82.90001318692464	88.55	88.55	88.80474226804122	94.49363436123348
Methylobacter-123	89.8537258347979	0.0	82.68	83.33	0.0	0.0	0.0	0.0	0.0	0.0	100.0	0.0	0.0	95.64918674118329	0.0	0.0	91.18	100.0	91.81163473818646	0.0	0.0	86.69040367664127	90.29380387532248	99.97306430392841	86.8020222988356	83.20855831757599	82.31933951957002	79.61374942844078	78.52	0.0	80.84	0.0	78.93	80.21	0.0	80.8	0.0	0.0	0.0	82.43987109550145	83.53340259661006	82.32601729973673	0.0	93.61850430223178	0.0	80.38529256489221	82.27403106258198	92.47	89.8	82.06496774193548	89.89760485651216
Methylobacter-69	88.83280597014925	0.0	85.23000000000002	85.45	83.05652490886997	0.0	83.68	0.0	95.45	0.0	0.0	0.0	0.0	89.54609876543209	0.0	0.0	0.0	0.0	89.5317279666898	0.0	0.0	99.85735541412382	87.69433199705723	86.82887753347553	100.0	86.70043092950884	81.84113072436756	90.12	80.96	82.80239669421489	78.86	0.0	0.0	77.42	0.0	77.84	0.0	0.0	0.0	85.60438466443489	83.89530247873411	83.11589320846778	0.0	87.82658327109785	0.0	97.66343457943924	82.5210639404326	0.0	0.0	81.97	82.06119187600213
Methylococcaceae-21	0.0	0.0	0.0	80.48	0.0	0.0	80.16630434782608	90.1240926640927	93.73	0.0	0.0	0.0	0.0	0.0	0.0	0.0	0.0	0.0	0.0	0.0	0.0	82.95236948093095	82.91035607212504	83.17902921299755	85.89835730412983	99.97429568012858	82.57342680586113	93.96452095808384	0.0	0.0	0.0	0.0	0.0	0.0	0.0	0.0	0.0	0.0	0.0	92.22206833013435	88.146392705972	87.54087565946003	0.0	81.98	0.0	81.17	82.85035754494899	0.0	0.0	84.85	0.0
Methylococcaceae-55	81.73399610136453	80.99	84.69691318327973	84.37501607717041	80.89970791290494	98.77	83.24824311490978	0.0	0.0	0.0	0.0	0.0	0.0	0.0	0.0	0.0	78.55	0.0	0.0	0.0	0.0	81.93975402439023	82.75619400855919	82.18103059099015	81.92066757209804	82.1098061371441	100.0	0.0	0.0	82.87	0.0	0.0	0.0	0.0	0.0	0.0	0.0	0.0	0.0	83.56223841836308	83.42847614483811	82.62300279478589	82.49	0.0	0.0	84.91	82.2343614352276	0.0	0.0	81.36976988494246	83.72015665796344
Methylophilaceae-40	0.0	100.0	100.0	98.78	100.0	0.0	0.0	0.0	0.0	0.0	0.0	0.0	0.0	0.0	0.0	100.0	0.0	0.0	0.0	0.0	0.0	90.12	79.88	79.61374942844078	90.12	94.98321727019498	0.0	100.0	98.51070265106993	82.83594340773267	83.66986435333575	82.31473519553074	81.41128824729326	83.23893537696767	82.48960380348652	82.19802324565237	82.63014234200038	82.57982633720353	82.46170581100452	0.0	0.0	0.0	87.26471752202484	85.55677011964414	83.59562642503923	92.6678692929077	0.0	0.0	0.0	0.0	86.91653979238754
Methylophilaceae-49	81.45873949579833	100.0	100.0	100.0	98.69359477124183	0.0	0.0	0.0	0.0	0.0	0.0	0.0	0.0	100.0	0.0	100.0	100.0	85.2	0.0	0.0	0.0	80.96	79.98	78.52	80.96	0.0	0.0	98.4235695177428	100.0	83.03814429558126	83.69192376123912	82.11590947262343	82.1184258064516	82.51667636940992	81.74850364963505	82.56183439587127	83.09279793459552	83.01373550040465	83.2761537847333	0.0	0.0	0.0	85.43716935572385	85.22108654174447	84.68471758154334	90.37894907674551	0.0	0.0	0.0	0.0	100.0
Methylophilaceae-55	83.74	85.92675651392632	89.77854632587861	84.20569620253164	99.06082018927444	0.0	82.01608212147134	0.0	0.0	0.0	0.0	0.0	0.0	0.0	0.0	100.0	86.88097222222223	100.0	0.0	0.0	0.0	82.80239669421489	84.61796661608498	0.0	82.80239669421489	0.0	82.87	82.27945974025974	82.7380494011976	100.0	80.78033526821456	81.62938732763133	81.71768400392544	81.66860676561038	82.15973071599345	82.01708472257845	81.46546160558466	81.46546160558464	81.3499416703491	0.0	0.0	0.0	81.87170265268351	82.37472377232143	81.6554186825456	83.13149722735675	83.56689516129032	0.0	0.0	82.00166203703705	80.39776219104877
Methylophilaceae-8	0.0	89.02235294117649	100.0	100.0	86.70369047619047	82.22	0.0	0.0	0.0	0.0	0.0	0.0	0.0	0.0	0.0	100.0	100.0	78.36	0.0	0.0	0.0	78.86	0.0	80.84	78.86	0.0	0.0	83.74188196301816	83.77335347876584	81.60872483221475	99.95547467470396	81.93253145539906	81.90366082655711	81.87799999999999	82.39289114079534	81.7051344582125	81.61969728096675	81.68515723648606	81.47230741057257	0.0	0.0	0.0	83.41207514912045	83.83482977898413	82.677163124061	83.18938890899226	0.0	0.0	0.0	0.0	81.01247422680412
Methylophilus methylotrophus-127-1	0.0	80.90454258675078	79.89860869565217	98.72	79.35899538106236	81.40000000000002	79.24655873493975	100.0	0.0	0.0	0.0	0.0	0.0	0.0	0.0	0.0	0.0	98.68	100.0	0.0	0.0	0.0	0.0	0.0	0.0	0.0	0.0	82.96038544928935	82.81315312916114	81.95093982756288	81.44682706450935	100.0	87.71796902423489	85.92986783624308	88.2459525354912	86.15200324160286	88.31859568916462	88.33090845848433	88.30209938981498	0.0	0.0	0.0	84.90393850883936	83.27935399503073	81.73561096556885	83.46409895150721	0.0	0.0	0.0	0.0	0.0
Methylophilus methylotrophus-127-2	0.0	79.97	79.59	0.0	0.0	0.0	76.75	96.59	0.0	0.0	0.0	0.0	0.0	0.0	0.0	0.0	0.0	84.67208158995817	97.62	0.0	0.0	0.0	79.88055045871559	78.93	0.0	0.0	0.0	81.66926057425133	81.84008365621699	81.84711151736745	81.92131925264015	87.71899863627995	99.96513709567968	85.99746622380205	96.44526417106772	86.0212587979118	96.7175487687336	96.70593986610409	96.76742056401392	0.0	0.0	0.0	83.21586577868851	83.11638800545207	81.65702433072562	86.6830281375614	0.0	0.0	0.0	77.25	78.73
Methylophilus methylotrophus-129-1	79.75	0.0	0.0	97.75	97.54503067484664	0.0	97.78	100.0	0.0	0.0	0.0	0.0	0.0	0.0	0.0	98.78	78.15	0.0	100.0	0.0	0.0	77.42	0.0	80.21	77.42	0.0	0.0	83.01505276036092	82.68216011644833	82.05527209347365	82.10856595051743	85.90104437988447	86.03300261727092	99.97028754004265	85.56816949643485	97.4150189283812	86.78602682565545	86.75899307887094	86.85503904239502	0.0	0.0	0.0	81.72242307045569	83.85652351043967	82.08584854205999	81.9782568572161	0.0	0.0	0.0	80.75	81.10441910966341
Methylophilus methylotrophus-129-2	0.0	80.6613198757764	0.0	0.0	96.2	70.04	0.0	0.0	0.0	0.0	0.0	0.0	0.0	0.0	0.0	0.0	81.25	84.15	0.0	0.0	0.0	0.0	0.0	0.0	0.0	0.0	0.0	82.73425672159584	81.90518648620727	82.5341011840689	82.1645125850619	87.84751098090507	96.56245128980484	85.61607719334047	100.0	85.93065839854366	96.71276310932238	96.75863480428045	96.7132278400337	0.0	0.0	0.0	83.04955699721964	83.48915939499709	82.05955181023721	83.94756063169768	80.73	0.0	0.0	77.25	0.0
Methylophilus methylotrophus-55	0.0	82.5474647887324	99.34144736842106	98.20305389221555	84.99096681096681	0.0	82.66387633769321	96.59	0.0	0.0	0.0	0.0	0.0	0.0	0.0	98.78	79.6460886571056	83.9715824915825	97.62	0.0	0.0	77.84	77.07	80.8	77.84	0.0	0.0	81.05295470383273	82.48933268545514	81.99336752660186	81.73898855447224	86.14766514890967	88.93591875991316	97.74315207873629	85.57870771586217	100.0	86.20685839741051	86.11349288182076	86.23685735576203	0.0	0.0	0.0	83.0387777630004	82.76286915474259	82.3577863972578	82.17366034243406	0.0	0.0	0.0	0.0	76.71
Methylophilus methylotrophus-69	78.98	0.0	82.7813860103627	98.72	96.2	81.64	0.0	83.3565693430657	0.0	0.0	0.0	0.0	0.0	0.0	0.0	0.0	81.95	84.35859633027522	97.62	0.0	0.0	0.0	83.7	0.0	0.0	0.0	0.0	82.66923057421727	82.86678533080034	81.67716688061618	81.58668134052827	88.02694405514187	97.03242287020842	88.03729307109596	96.83914533209958	86.07184239099796	100.0	99.99668926240149	99.99614693918257	0.0	0.0	0.0	83.60716146444496	83.73174972160356	82.9827585136917	83.22514316702821	0.0	0.0	0.0	79.94	83.5
Methylophilus methylotrophus-79	78.98	0.0	82.7813860103627	98.72	96.2	81.64	0.0	83.3565693430657	0.0	0.0	0.0	0.0	0.0	0.0	0.0	0.0	81.95	84.35859633027522	97.62	0.0	0.0	0.0	83.7	0.0	0.0	0.0	0.0	82.09432917426048	82.94291956934768	81.44767807668245	81.57620790378006	87.95600151352669	97.12265995725994	89.16368684520614	96.86859035165665	86.18574144294455	99.99673390175415	100.0	99.99700598059215	0.0	0.0	0.0	83.20848043184886	83.80623408423116	83.32890695915282	82.69588498545536	0.0	0.0	0.0	79.94	83.5
Methylophilus methylotrophus-98	78.98	0.0	85.3063573085847	98.72	96.2	81.64	0.0	83.3565693430657	0.0	0.0	0.0	0.0	0.0	0.0	0.0	0.0	81.95	84.82452076677316	97.62	0.0	0.0	0.0	83.7	0.0	0.0	0.0	0.0	82.24358970309538	82.93307247392865	81.59389529609953	81.53163143315352	88.1647091186038	96.93150572490221	88.16611191903395	96.76699217723943	86.07415478781283	99.99913579306221	99.99477787960015	100.0	0.0	0.0	0.0	83.5144901675164	83.73174972160356	83.06938766962641	83.27060809300245	0.0	0.0	0.0	79.94	0.0
Methylosarcina lacus-55	86.73997585998795	82.35825115055884	78.45373056994819	79.56	84.86445945945945	79.67994274809159	80.923204559848	88.1719008264463	0.0	0.0	0.0	0.0	0.0	0.0	95.84	80.21	0.0	80.67	0.0	0.0	0.0	83.43610827975537	83.43292111927853	82.22411901284502	85.60591754483266	92.10195434709637	83.31505017841212	0.0	0.0	0.0	0.0	0.0	0.0	0.0	0.0	0.0	0.0	0.0	0.0	100.0	98.26666110056196	89.02504827107828	0.0	0.0	80.35	0.0	82.81399134487351	0.0	0.0	79.83019495412843	81.0703239145417
Methylosarcina lacus-69	81.58924861878455	82.7671757925072	80.15352043929225	79.56	0.0	77.59986146741919	81.60083955223882	90.58971774193549	96.83222915484968	0.0	0.0	0.0	0.0	0.0	96.44375579598145	76.38	93.42071816283924	80.06679527069073	0.0	0.0	0.0	93.84051494028013	83.64051243592488	83.16721831325302	84.12312125772469	88.33897693490515	82.96286027865283	0.0	0.0	0.0	0.0	0.0	0.0	0.0	0.0	0.0	0.0	0.0	0.0	98.57341791806196	100.0	89.67867613674399	0.0	0.0	0.0	0.0	87.97575573695964	0.0	73.38	80.66401248482747	81.65576171313596
Methylosarcina-21	86.78314851485149	79.53239509840326	81.17072360616844	0.0	0.0	78.97246064139942	82.82617303195634	0.0	0.0	0.0	0.0	0.0	0.0	0.0	92.18	81.45	81.7626469632998	79.69399999999997	0.0	0.0	0.0	82.1202974464503	82.32116130715922	82.18556885272059	82.56166787199423	87.85474022856044	82.70752129576773	0.0	0.0	0.0	0.0	0.0	0.0	0.0	0.0	0.0	0.0	0.0	0.0	90.05805575890687	90.4456049800336	99.95784277336827	0.0	0.0	0.0	0.0	85.73688644176751	0.0	0.0	81.74498452012385	82.92932378679394
Methylotenera mobilis-123	0.0	100.0	100.0	98.78550607287451	98.71115879828328	0.0	0.0	97.60794911164729	0.0	0.0	0.0	0.0	0.0	0.0	0.0	100.0	100.0	88.2378205128205	0.0	0.0	0.0	0.0	0.0	0.0	0.0	0.0	82.49	87.3284523114	85.759153218603	82.54106868686871	83.80725089302501	84.50319815933274	83.11339579055442	82.34979522687095	83.55503866432338	83.46092493404748	84.16137024706502	84.10278039420895	84.10807581746317	0.0	0.0	0.0	100.0	98.3068332951945	84.9423984495355	98.99173803702531	0.0	0.0	0.0	0.0	100.0
Methylotenera mobilis-63	0.0	100.0	100.0	100.0	98.22066666666667	0.0	0.0	93.25687136929459	0.0	0.0	0.0	0.0	0.0	89.6	0.0	94.70943708609272	0.0	83.97	99.15450077851305	0.0	0.0	86.5516267281106	92.0091690735392	94.37850079113926	87.63460654796094	81.98	0.0	85.77870628854727	85.75213229798189	83.75847857767415	84.04353737469415	83.43491134981234	83.11803178206583	83.65551888457465	83.54685913886513	83.25636489479513	84.43789489429597	84.43789489429597	84.43789489429597	0.0	0.0	0.0	98.34952777740726	100.0	85.1584196266412	97.87277421690945	0.0	0.0	0.0	0.0	100.0
Methylotenera mobilis-76-1	0.0	100.0	100.0	98.048984375	99.57789029535864	0.0	97.75	87.63904424778761	0.0	94.95000000000002	0.0	0.0	0.0	0.0	0.0	99.17877049180328	100.0	89.74	98.81000000000002	0.0	0.0	0.0	0.0	0.0	0.0	0.0	0.0	83.3960983482537	84.56791589591812	82.71939781508127	82.67060780215952	81.98130365210845	81.82344251224042	82.64893236145352	82.34505902192245	83.15208680008995	83.38892042292713	83.31136363636367	83.49547147326084	80.35	0.0	0.0	84.84209696969695	84.92476499688756	99.94840256048604	84.14927196689818	0.0	0.0	0.0	0.0	100.0
Methylotenera mobilis-76-2	0.0	100.0	100.0	98.22497041420118	100.0	0.0	0.0	95.79525448553642	0.0	0.0	0.0	0.0	0.0	89.63	0.0	100.0	100.0	85.08896882494004	99.28307548346851	0.0	0.0	97.00717948717949	79.79	81.11170392239562	97.00717948717949	81.17	84.91	91.9152089952153	90.16666795794876	86.12403990024939	83.04612081757695	85.59924200719881	87.45513087891041	83.60508798202919	84.92750852347234	83.979255536944	84.98747594374538	84.85647360703813	85.07192709322194	0.0	0.0	0.0	98.83471743659244	97.60669570448168	84.33453266486374	100.0	0.0	0.0	0.0	0.0	100.0
Methylovulum miyakonense-55	83.29	0.0	0.0	0.0	87.05	0.0	79.48	0.0	0.0	0.0	0.0	0.0	0.0	0.0	0.0	0.0	80.15346927678084	0.0	0.0	0.0	0.0	82.55550968011866	82.5023747696156	82.44394694208184	82.55398812278268	83.46693560950277	82.54021089895683	0.0	0.0	82.45132275132275	0.0	0.0	0.0	0.0	80.73	0.0	0.0	0.0	0.0	82.93311079254559	87.65197550128738	86.164601148302	0.0	0.0	0.0	0.0	100.0	0.0	0.0	82.18	83.57
Opititae-40	81.76999999999998	84.06861604738825	80.54912346338857	79.8991786743516	81.28149598393577	0.0	82.98774999999998	83.72	81.47	0.0	0.0	0.0	0.0	97.36	0.0	90.87	80.46605388272584	83.54	0.0	0.0	0.0	0.0	88.55	92.47	0.0	0.0	0.0	0.0	0.0	0.0	0.0	0.0	0.0	0.0	0.0	0.0	0.0	0.0	0.0	0.0	0.0	0.0	0.0	0.0	0.0	0.0	0.0	100.0	86.22744430432955	89.81709552910904	91.84071022727272
Opitutae-129	81.79294428882666	84.7041446923597	83.00906041264659	81.97407057111677	84.28153197925671	83.55	83.24326667878567	84.1	81.96	0.0	0.0	0.0	80.69	89.21	0.0	84.24	80.60446502714788	80.44	0.0	0.0	0.0	0.0	88.55	89.8	0.0	0.0	0.0	0.0	0.0	0.0	0.0	0.0	0.0	0.0	0.0	0.0	0.0	0.0	0.0	0.0	73.38	0.0	0.0	0.0	0.0	0.0	0.0	85.56540426560845	100.0	83.26751865671642	82.12190672153633
Rhodocyclaceae-127	82.47139101768205	82.53077006374635	82.40603593088926	81.47714538037765	82.15815595692948	81.7854210700132	83.68371846689897	0.0	0.0	0.0	0.0	0.0	0.0	0.0	81.06	82.0673064329253	82.20393645622778	84.1864364796397	0.0	0.0	0.0	81.97	88.80474226804122	82.06496774193548	81.97	84.85	81.37383959899749	0.0	0.0	81.40774270683885	0.0	0.0	77.25	80.75	77.25	0.0	79.94	79.94	79.94	79.83019495412843	80.66401248482747	81.83132776001969	0.0	0.0	0.0	0.0	82.18	91.67548879837068	83.27126159554732	100.0	95.83885130209022
Rhodocyclaceae-49	82.38456688146002	86.48283546847527	82.15475806139435	82.09712752281779	82.56316219492909	81.74601119537739	82.25169654607666	0.0	0.0	0.0	0.0	0.0	0.0	0.0	80.36	85.68609511592551	81.6119961820632	84.71094169561543	0.0	0.0	0.0	82.04817697228145	94.49774834437085	89.89486187845304	82.04817697228145	0.0	83.71976470588234	86.96727272727274	100.0	80.42779819579017	81.01247422680412	0.0	78.73	81.10441910966341	0.0	76.71	83.5	83.5	0.0	81.0703239145417	81.65518172676339	82.92665474771553	0.0	100.0	0.0	100.0	83.57	92.5743682143682	82.73519698239731	95.85476172331434	100.0
